Week,Day,Short description,Duration/Sets,Movements,Reps,Rest,REPS LOG,RPE LOG
1,Mer,Blocchi tecnici + repertorio boulder gym (RPE 5-6 TARGET non pavimento - placche/coordinativi + random practice leggera: linka 3-4 problemi dissimili - dita fresche per il weekend: NIENTE limit su prese piccole),Fino a 45',4-8 mov,8-12 boulder totali,2-3' tra link,,
1,Mer,Downclimbing per footwork (RPE 4 - piedi silenziosi - hold recognition - chiusura leggera),10-15',6-10 mov,3-4 problemi,1-2' tra problemi,,
,,,,,,,,
1,Sab,GIORNO 1 OUTDOOR BOULDER — MENU di principi in ordine (1. warm-up progressivo su boulder facili 2. blocked practice sui blocchi feel-good: ripeti 2-3x per groovare il feel 3. varia stile/angolo 4. tentativi 7a/7a+ SOLO se condizioni E sensazioni allineate 5. gestione energia: lascia benzina e pelle per il giorno 2),Mezza giornata,4-10 mov,secondo menu,A piacere - pelle e condizioni comandano,,
1,Sab,NOTES giorno 1 (grip leggero: stai stringendo troppo? - piedi silenziosi - stop ai tentativi limite quando la pelle scalda - chiudi su facile pulito),—,—,—,—,,
,,,,,,,,
1,Dom,GIORNO 2 OUTDOOR BOULDER — MENU di principi in ordine (1. warm-up più lungo di ieri 2. riprendi i blocchi groovati il giorno 1: il send spesso arriva il giorno 2 3. se pelle ed energia OK un tentativo vero sul 7a/7a+ 4. altrimenti volume facile di qualità e varia stile 5. chiudi PRIMA di distruggere la pelle: lunedì c'è hangboard),Mezza giornata,4-10 mov,secondo menu,A piacere,,
,,,,,,,,
H1,Libero,MENU VACANZA — zero obblighi (0-2 sessioni opportunistiche su roccia o gym sconosciuta = random practice + on-sight mileage gratis - RPE 7 è un TETTO non un target da raggiungere - flash/on-sight di problemi e vie mai visti - nessun grado obiettivo - se non scali NON è una sessione persa),Libera,—,0-2 sessioni nella settimana,—,non fatto,
,,,,,,,,
H2,Libero,MENU VACANZA — zero obblighi (come settimana H1: 0-2 sessioni opportunistiche - RPE CAP 7 - terreno sconosciuto = valore per l'obiettivo on-sight autunnale - divertiti e basta),Libera,—,0-2 sessioni nella settimana,—,non fatto,
,,,,,,,,
2,Tue 11 Aug (DONE — sessione di rientro anticipata a martedì e fatta in coppia con la hangboard RE-ENTRY; Mer 12 = riposo),RIENTRO — repertorio indoor moderato (RPE 7 è un CAP - volume moderato - blocchi tecnici + random practice su problemi dissimili - Moonboard solo su prese comode - dita in ricarico dopo il break: NIENTE limit né prese piccole),Fino a 45',4-8 mov,8-12 boulder totali,2-3' tra link,fatto,7
2,Tue 11 Aug (DONE — sessione di rientro anticipata a martedì e fatta in coppia con la hangboard RE-ENTRY; Mer 12 = riposo),Downclimbing + mobilità in parete (RPE 4-5 - piedi silenziosi - drop-knee/heel hook lenti e controllati),15',6-10 mov,3-4 problemi,A piacere,fatto,6
,,,,,,,,
2,Sab/Dom,WEEKEND MENU rientro (1-2 giorni flessibili - outdoor boulder preferito - fallback indoor se caldo) — Blocchi flash come base (RPE 5-6 CAP - puliti no fail) + Blocchi ripetuti sui feel-good (blocked practice: ripeti lo stesso 2-3x per groovare il feel) + Blocchi tecnici (varia stile/angolo) — settimana di rientro: NIENTE tentativi limite - RPE 6-7 è un TETTO non un pavimento,Mezza giornata/giorno,4-10 mov,menu su 1-2 giorni,A piacere - pelle e sensazioni comandano,scalato sabato in palestra (lead e poi boulder) : domenica boulder outdoor facile,"8 sabato, 5 domenica"
,,,,,,,,
3,Mer,Blocchi tecnici — repertorio weakness-first da fresco (RPE 6-7 TARGET - prima i pattern deboli - poi random practice: linka 4-6 problemi molto diversi back-to-back per allargare il repertorio motorio),Fino a 35',6-10 mov,4-6 problemi linkati,2-3' tra link,fatto,6
3,Mer,Blocchi project — MANTENIMENTO potenza Moonboard (intensità alta / volume minimo - PIEDI SUI PIEDINI: niente no-feet - movimenti singoli o sequenze corte vicino al limite - fermati al primo tentativo sporco - NOTA: sostituisce Blocchi Campus che a glossario è feet-off e non è la dose giusta in una settimana con hangboard 2x),Fino a 20',4-6 mov,3-4 blocchi - max 8 tentativi buoni totali,Almeno 3' tra tentativi,fatto,8
3,Mer,Blocchi flash — rituale di lettura su problemi MAI provati (RPE 6 - scan → visualizza la sequenza → sali → confronta piano vs realtà - è on-sight mileage su boulder),15',4-8 mov,2-3 problemi nuovi,2-3' tra problemi,fatto,8
,,,,,,,,
3,Gio,AVVIO FILONE AE — Vie ripetute rope gym (lead touch - vie verticali 6b/6c ripetute a giri - gestione pompaggio: respira e scrolla ai riposi - clip fluidi - RPE 7 CAP) — struttura a intervalli 1:1 (riposo = tempo di salita). Fallback se rope gym non disponibile: Circuiti boulder lungo-facili 1:1,30-40' di intervalli,20-30 mov per via,4-6 intervalli totali (1 giro per intervallo),1:1 (riposo = tempo di salita),"non fatto, demolito da mercoledi",
,,,,,,,,
3,Sab/Dom,WEEKEND MENU (1 giorno - outdoor boulder preferito - fallback indoor) — Blocchi flash + Blocchi tecnici per allargare il repertorio (varia stile/angolo) + 1-2 problemi MAI visti come Blocchi flash con rituale di lettura PRIMA di toccare - blocked practice sui feel-good - grip leggero e piedi silenziosi - RPE target 7,Mezza giornata,4-10 mov,secondo menu,A piacere,fatto,8
,,,,,,,,
4,Mer,PICCO VOLUME — Circuiti boulder 1:1 (RPE 7 TARGET - circuiti su boulder facili-medi - 1-4 min ON / riposo uguale - gestione pompaggio: è la firma fisiologica dell'on-sight lead),40-50',15-25 mov per giro,4-6 giri,1:1 work:rest,alzato intensità legermente,8.5
4,Mer,Blocchi tecnici in fatica — fatigued-skill recall su problemi groovati (RPE 6 - ripeti sequenze note in leggera pompa - piedi silenziosi e grip leggero PROPRIO quando sei stanco - qualità del movimento > difficoltà),15-20',4-8 mov,4-6 problemi noti,1-2' tra problemi,non fatto,
,,,,,,,,
4,Gio,Lead touch — Vie ripetute sostenute rope gym (vie verticali 6b/6c - TUT 120-180s in parete - RPE 7 CAP - lettura a OGNI riposo: guarda avanti e pianifica la sequenza prima di ripartire),3-5 vie,20-35 mov per via,3-5 giri (1 lap/via),Riposo = tempo di salita (1:1),non fatto,
,,,,,,,,
4,Sab 5 Set (INDOOR gym - lead + boulder),Vie ripetute — AE/pompaggio: vie verticali 6a-6b COMPLETABILI a giri - TUT 120-180s - leggi a ogni riposo. RPE 7 cap,3-5 vie,20-35 mov,3-5 giri (1 lap/via),1:1 (riposo = tempo di salita),5,7.5
4,Sab 5 Set (INDOOR gym - lead + boulder),Blocchi flash + tecnici — qualità dopo le vie: problemi grado flash (no fail) + lettura su 1-2 nuovi. Modera: domani outdoor. RPE 6,Fino a 30',4-10 mov,6-8 blocchi,2-3' tra blocchi,6,7
,,,,,,,,
4,Dom 6 Set (OUTDOOR lead con amici),Vie flash — on-sight outdoor: 4-6 vie MAI viste 6b/6c - leggi da terra + ai riposi - gestione pompaggio. RPE 7,4-6 vie,15-30+ mov,1 salita on-sight/via,Pieno recupero tra vie (a piacere),4,7.5
4,Dom 6 Set (OUTDOOR lead con amici),Vie flash (on-sight vero) — OPZIONALE: 1 burn on-sight PURO su un 7a ispirante - da FRESCO dopo warm-up - cadere = ok - NIENTE assedio redpoint,1-2 vie,secondo linea,1 tentativo on-sight,Pieno recupero prima del burn (10-15'),1 (dato 7a ma decisamente più facile),6.5
,,,,,,,,
5,Lun 7 Set (home gym libero tutto il giorno),RIPOSO / recupero attivo — weekend pesante alle spalle: NIENTE dita oggi. Opzionale SOLO mobilità + antagonisti leggeri a mani libere (spalle/polsi/anche). Obiettivo della settimana: arrivare FRESCHI al test di venerdì,—,—,—,—,,
,,,,,,,,
5,Mar 8 Set (climbing gym - dopo le 18),Blocchi flash — ON-SIGHT SIM su problemi MAI provati ground-up (UNICO tocco climbing midweek - RPE 6 CAP perché il weekend è stato pesante - volume BASSO: mini-taper + 2 giorni di scarico prima del test - rituale su OGNI problema: scan → visualizza → sali - un tentativo flash poi cambia - NIENTE limit),Fino a 30',4-8 mov,4-6 problemi nuovi,3-5' tra problemi,,
,,,,,,,,
5,Mer 9 Set,RIPOSO climbing (protezione test) — home gym 13-17 SOLO mobilità/antagonisti leggeri se vuoi: NIENTE dita e NIENTE trazioni pesanti (il test di venerdì include 3RM trazioni + stacchi - non pre-affaticarli),—,—,—,—,,
,,,,,,,,
5,Gio 10 Set,RIPOSO completo — giornata piena di lavoro. Ideale: dita e catena di trazione scariche prima del test,—,—,—,—,,
,,,,,,,,
5,Ven 11 Set (WFH - home gym tutto il giorno),TEST FITNESS a dita FRESCHE — batteria completa in testing/fitness-test-protocol.md: peso · 3RM trazioni · AMRAP · MVC7 20mm semiarcuata (conferma 2x) · CF 7:3 · stacchi 20mm · (RFD + monolaterali se hai la cella di carico). Occhio al POLSO: fermati se fa male. Compila la colonna Test 4,Secondo protocollo,—,—,Recuperi lunghi: 4' prima dei massimali,,
,,,,,,,,
5,Sab/Dom 12-13 Set,Blocchi flash / Vie flash — FLESSIBILE primo tocco leggero verso il meso autunnale (0-1 giorni - DOPO il test) — problemi o vie mai visti con rituale di lettura - volume basso RPE CAP 6-7 - chiudi con movimento facile pulito - NIENTE tentativi limite,Mezza giornata,4-8 mov,secondo menu,A piacere,,